,norm,uniform,binomial
2021-01-01,1.1886986269583293,0.6097641663891767,0
2021-01-02,-0.08021041251285677,0.28660367758452243,0
2021-01-03,1.077835782149805,0.2305579643597533,0
2021-01-04,-0.6849499257897085,0.6744771524630309,0
2021-01-05,-1.1942181900774003,0.2783112716217201,0
2021-01-06,-0.5904863216472255,0.12769818743977301,0
2021-01-07,0.13660981598801428,0.6089912789791603,0
2021-01-08,-0.5325873365933654,0.8171629233803829,0
2021-01-09,-1.0848844753348956,0.9150717565435306,0
2021-01-10,0.6188153262423541,0.16323817792263273,1
2021-01-11,-0.5839037888129911,0.6364450327338829,0
2021-01-12,-3.0975129699996264,0.7368956444156982,0
2021-01-13,-1.7288665972284656,0.3597090226538133,0
2021-01-14,-0.30197179946719294,0.5615475175760077,0
2021-01-15,-1.3124426404555192,0.0006821823246739855,0
2021-01-16,1.1137349314931557,0.18046661176186296,0
2021-01-17,-1.173632156446727,0.5265324758882451,0
2021-01-18,0.34701184743861224,0.17192389017605703,0
2021-01-19,2.068497469545125,0.84397276913957,1
2021-01-20,-0.026166450230292324,0.5947638980665161,0
2021-01-21,0.03473138292293966,0.8925877815867946,0
2021-01-22,1.0545885080197521,0.7147890633525836,0
2021-01-23,-0.02020193105172126,0.869386476027531,0
2021-01-24,-2.262661721277039,0.9294512890089741,0
2021-01-25,-1.357872256929647,0.04217119388106838,0
2021-01-26,0.8652954953708393,0.8719650667861838,0
2021-01-27,-0.1802377352417426,0.1591911481968903,1
2021-01-28,0.22752725030445037,0.6092945781864806,1
2021-01-29,-1.2525253245953274,0.5267679309691691,0
2021-01-30,0.7380705439634986,0.15095503076869787,1
2021-01-31,-0.07885204153704782,0.6880602669896815,0
2021-02-01,-1.0608228709463492,0.5324978470342073,0
2021-02-02,0.5775079746300957,0.42750776352824493,0
2021-02-03,0.2074755859484063,0.3284886086347256,0
2021-02-04,0.4576396660357484,0.44738410069197243,0
2021-02-05,-0.7793029835854032,0.11477587549343282,0
2021-02-06,0.16604155059620415,0.5775078304487788,0
2021-02-07,-0.5488780292811453,0.9549021928015888,1
2021-02-08,-0.34250151798031137,0.11497878821735352,1
2021-02-09,0.3023962357549668,0.7695969582345119,0
2021-02-10,0.19082012151113323,0.6369435669049752,1
2021-02-11,0.7627489066711994,0.0625975929838547,0
2021-02-12,-0.6969031907331835,0.2749691176751907,0
2021-02-13,-1.0008645498429523,0.35136184733643117,1
2021-02-14,0.015635223241283712,0.796902732601848,0
2021-02-15,-0.2154949375585972,0.3859421443102796,1
2021-02-16,-0.5537356781703059,0.34541044298461987,0
2021-02-17,0.6357455294618096,0.709815565242055,0
2021-02-18,1.4259788734177223,0.9628593981528785,0
2021-02-19,1.1812406007468186,0.7308985779279279,0
2021-02-20,0.9435315503561355,0.7140037157429081,0
2021-02-21,0.4281129306501368,0.5167846569039638,0
2021-02-22,1.592223430809032,0.34000374666771904,0
2021-02-23,0.26996239454448184,0.6813194997831492,0
2021-02-24,0.8421840796592943,0.5910455097094294,0
2021-02-25,-0.8522783438645251,0.34650173265648754,0
2021-02-26,1.6728656500284815,0.34062446393009194,0
2021-02-27,-1.6457247459410416,0.490772193055826,0
2021-02-28,-1.0888826813506396,0.1192255442703759,0
2021-03-01,-0.26977906912265104,0.7094273488434975,0
2021-03-02,-0.8640494573465465,0.5732008970228997,0
2021-03-03,0.36330550269795747,0.36766595371604405,1
2021-03-04,-0.13946907871707453,0.6878976366662558,0
2021-03-05,-1.3304229782445234,0.07894933256301961,1
2021-03-06,1.4310529048770821,0.24020922584386073,0
2021-03-07,-1.8539813713321414,0.42411150681126997,0
2021-03-08,1.2434415137925694,0.7592977207653017,0
2021-03-09,-0.011534568762914574,0.19485661151142675,0
2021-03-10,0.6371784522331679,0.4739907444378124,1
2021-03-11,-0.7892269664447967,0.714787579278198,1
2021-03-12,-0.2711125839620235,0.051117058177873265,0
2021-03-13,1.789990911870115,0.04897567726008312,1
2021-03-14,-1.2298114206253195,0.5360460060543313,0
2021-03-15,0.8570426525371074,0.9928781721652896,0
2021-03-16,-0.15608493443268132,0.028275179097672853,0
2021-03-17,-2.7562966834253366,0.3593709974460283,0
2021-03-18,-2.2930822355241145,0.2723990950564439,1
2021-03-19,0.1646934397988099,0.7600215920202372,0
2021-03-20,-1.1415968000585859,0.37982586197299084,0
2021-03-21,-1.613485990937774,0.0713888113015737,1
2021-03-22,-1.0462172587405152,0.40340731137640096,0
2021-03-23,-1.0525753393214956,0.39271577883142184,0
2021-03-24,-0.5699153522940777,0.6946584648095295,1
2021-03-25,0.533397001160698,0.5049971629743218,1
2021-03-26,-0.8826139529152133,0.18028668151247385,0
2021-03-27,1.3015742706758453,0.7299797432256179,0
2021-03-28,0.650339139980018,0.04582214449605393,0
2021-03-29,0.3784161712102136,0.23691901993536568,1
2021-03-30,-0.26660884107093674,0.9633552755043631,0
2021-03-31,-1.6311375643679553,0.6625855224042249,0
2021-04-01,1.2254974977511404,0.5433236650171029,0
2021-04-02,0.6738835992726735,0.6511893587428677,0
2021-04-03,-1.491225182167574,0.35638702496676866,0
2021-04-04,1.1459629323595855,0.8847388751335337,0
2021-04-05,-0.0224521286207147,0.9295035582889162,1
2021-04-06,0.8771077596819462,0.24932661023580427,0
2021-04-07,0.2475579277056366,0.13383471730395013,0
2021-04-08,-0.3837399733411998,0.4271816449327265,0
2021-04-09,-1.459456641420729,0.19974877681793057,0
2021-04-10,0.7899240171242395,0.3929183540817067,0
2021-04-11,-0.3201344594950633,0.16567791573196777,0
2021-04-12,-0.9185781591539339,0.1992575215349316,1
2021-04-13,0.7497001614014033,0.9267694531882331,0
2021-04-14,0.5715103570082654,0.06419522765813734,0
2021-04-15,-0.6937668633180617,0.8364038052052073,0
2021-04-16,0.8103174565616074,0.6303098474164724,0
2021-04-17,-1.4685231146336633,0.3591020127915576,0
2021-04-18,0.355613357906331,0.4975405499011426,1
2021-04-19,-0.07568538597027881,0.30679067724516706,0
2021-04-20,1.5174749463918493,0.49969182644679777,0
2021-04-21,-0.6715902391712164,0.5590187855725945,0
2021-04-22,-0.10996843757662048,0.814421011721575,0
2021-04-23,1.494335779871647,0.1956726372986488,0
2021-04-24,1.0137767477451822,0.5942308868036693,0
2021-04-25,0.12682065939940906,0.6264956197664172,0
2021-04-26,1.2112324579999145,0.6102844390179284,0
2021-04-27,-0.005966263323371475,0.4640477124378989,0
2021-04-28,-0.07900553992823847,0.038559107849166496,0
2021-04-29,-0.49168900312529484,0.895557612429075,0
2021-04-30,0.14223732563711294,0.9212089771945422,1
2021-05-01,0.44293833126690996,0.035039171451896944,0
2021-05-02,0.22482899458912034,0.3630526750937625,0
2021-05-03,-1.7747630015859464,0.4069800415867376,0
2021-05-04,-0.16760791869857414,0.4960914082187896,0
2021-05-05,0.38166537404997286,0.3382272625303272,0
2021-05-06,0.33241775216469144,0.2304361621435007,0
2021-05-07,-0.2829770510921773,0.18310260368221132,1
2021-05-08,0.04235765071834129,0.21783812152521487,1
2021-05-09,-0.5584193193543424,0.9235805470822505,0
2021-05-10,1.9915861719936623,0.14010579866198314,0
2021-05-11,0.6397493908687198,0.4670315670748526,0
2021-05-12,-2.2523860433644627,0.48946798610145337,0
2021-05-13,-0.18796884380324255,0.9763505631043685,0
2021-05-14,0.5017283234221476,0.8000592932331828,0
2021-05-15,0.6656464451592446,0.5332835249858797,0
2021-05-16,1.570771810697142,0.9006888322964152,1
2021-05-17,-0.5760467899871582,0.8153277624357744,1
2021-05-18,1.3949104270022812,0.1792425996008411,0
2021-05-19,-0.10931890659964645,0.8547111960872452,0
2021-05-20,-1.4879430766792,0.5997379456379213,0
2021-05-21,0.5448494983210289,0.9420890930777661,1
2021-05-22,0.8168621247713436,0.781064486801378,0
2021-05-23,-1.2788831307296815,0.8522642860023126,0
2021-05-24,-0.09710233911153962,0.388604316909385,0
2021-05-25,-0.42714178574224604,0.49551119030343205,0
2021-05-26,-0.9016632319136291,0.5678415127140025,0
2021-05-27,1.0616218501997874,0.4261718883118377,1
2021-05-28,-1.0024720750261888,0.7190566397207954,0
2021-05-29,1.24952845029633,0.5309243916081122,0
2021-05-30,-0.5322498235125692,0.40359951257516913,1
2021-05-31,0.6800661078460524,0.042975073927293495,0
2021-06-01,0.5917552832697032,0.023616259353661073,0
2021-06-02,-0.07404090750136061,0.8206098357507542,0
2021-06-03,0.12228465129831703,0.019737668060679114,1
2021-06-04,-0.13645456941766126,0.9270160298874067,0
2021-06-05,-0.7008427602380133,0.019218736947411608,0
2021-06-06,0.8900445078790581,0.20329544150982892,1
2021-06-07,-0.4363230887560567,0.31314824837469935,0
2021-06-08,1.2357225922921975,0.2110728683621531,0
2021-06-09,-0.806539565843437,0.3665364538547593,1
2021-06-10,-1.7581625813786947,0.8585862880666975,0
2021-06-11,0.8990683667531684,0.09121882667912307,0
2021-06-12,-1.0159807422731828,0.4015814839964805,0
2021-06-13,0.05762051418075281,0.9667623042022688,0
2021-06-14,-0.8115508845115723,0.5574589359601053,0
2021-06-15,0.0762667962640495,0.32077493227178633,0
2021-06-16,0.7254365601425218,0.5019743329249715,0
2021-06-17,1.814065489688863,0.7851289005833494,1
2021-06-18,0.8314245301266239,0.8095509006123578,0
2021-06-19,0.7148975666827001,0.860256582584388,0
2021-06-20,1.9213166650288647,0.3923928915449061,0
2021-06-21,0.38805361847269815,0.2134229126906153,0
2021-06-22,-0.5766890329545904,0.7966943498872557,0
2021-06-23,1.0119211135064585,0.0028631869803216192,0
2021-06-24,-1.392595724667378,0.049486132168994,0
2021-06-25,-0.7373798071129523,0.41616136728733855,0
2021-06-26,-0.3060596143796269,0.4071060105650951,0
2021-06-27,1.4309027466357398,0.1842565680023459,0
2021-06-28,-0.19969908070398895,0.23738660326612582,1
2021-06-29,-0.008995536168292772,0.517342374718129,0
2021-06-30,0.43256847048468106,0.36296708040100756,0
2021-07-01,-0.8214258612670382,0.7724776099716486,1
2021-07-02,1.6977986972983852,0.7461738594470362,0
2021-07-03,-0.327968600583995,0.7773160891676701,0
2021-07-04,-0.13086340823656117,0.23768331252195485,0
2021-07-05,0.789498626374669,0.24080346892680338,0
2021-07-06,-0.9663372871021905,0.43422910731765385,0
2021-07-07,-0.19649486910614444,0.0658746246406069,0
2021-07-08,0.3329858242407852,0.3808059217325118,0
2021-07-09,0.5941496990040466,0.4346858229724865,0
2021-07-10,-0.8911874795097433,0.5409563482592985,0
2021-07-11,-1.2583012655353705,0.05728383879328236,0
2021-07-12,-1.3740036176573451,0.6497454897066427,0
2021-07-13,0.24040472425273976,0.20201917616930742,0
2021-07-14,-0.1386379359707583,0.7076348741102532,0
2021-07-15,-0.09635836960341997,0.6810764337845318,1
2021-07-16,0.68569678711602,0.6573882571904986,0
2021-07-17,0.4849837300245863,0.8371439389352532,0
2021-07-18,1.4952456880151817,0.9385356930423627,1
2021-07-19,-0.20231344425851241,0.9986786015802392,0
2021-07-20,-0.16683665664669287,0.4211937843258434,0
2021-07-21,0.19414541620972725,0.3304605279430647,0
2021-07-22,-0.4415593208855632,0.9089389479680842,0
2021-07-23,0.6016881486818758,0.5923326576310929,0
2021-07-24,1.3549840899504912,0.7989719172945005,0
2021-07-25,-1.0976133798882926,0.34109566431641114,0
2021-07-26,0.5176895196320217,0.8446405485644745,0
2021-07-27,1.4096284021465109,0.17550975731505125,0
2021-07-28,0.6083259799051662,0.8935873011260177,0
2021-07-29,-1.164361686070305,0.2716352306870512,0
2021-07-30,0.5983074166439177,0.3451016633645262,0
2021-07-31,-1.8570581957059666,0.3974222726527513,0
2021-08-01,0.28904754325967874,0.5292676963106228,1
2021-08-02,-0.19975633549837843,0.34406021201395687,1
2021-08-03,-0.7286079414190142,0.40662386116179283,0
2021-08-04,-0.02105177118198648,0.3588026537521676,0
2021-08-05,-0.42963254435356907,0.8237250355935839,0
2021-08-06,-0.30231872207236943,0.11574696311439625,0
2021-08-07,-0.022176647455746535,0.08354945446858186,0
2021-08-08,-0.15329653776249205,0.31473922702211543,1
2021-08-09,0.13673707982126637,0.47902910518866293,0
2021-08-10,0.7379092760193569,0.04585558568682657,0
2021-08-11,1.6633675405140944,0.6851469827298533,0
2021-08-12,1.090381739376977,0.3258514000302225,0
2021-08-13,-0.8486285570680613,0.04323333635447357,0
2021-08-14,0.8589328272103383,0.727442754429224,1
2021-08-15,-1.145731081367874,0.5506334467757592,1
2021-08-16,0.934457577528949,0.25837859334112656,0
2021-08-17,0.381344615624107,0.3788238290008874,1
2021-08-18,2.3910889147443513,0.09999451343190979,0
2021-08-19,0.47665520925218247,0.09425471031371058,0
2021-08-20,-0.8356759372073479,0.4997078169055229,0
2021-08-21,-0.1035069794720906,0.7118264106325787,0
2021-08-22,0.6086189202521259,0.5683414801348998,1
2021-08-23,-0.26513016936292033,0.08013393947770564,0
2021-08-24,0.10330831618060149,0.6799947421754838,0
2021-08-25,1.7823698029388522,0.7833417852012557,0
2021-08-26,0.7204247969232382,0.20777712598799336,0
2021-08-27,-1.0354120436256737,0.42849312992872324,1
2021-08-28,-0.06278073042361995,0.11184817226954968,0
2021-08-29,0.3160224440367473,0.25541642443928325,1
2021-08-30,-1.6918745942139573,0.741868208922672,0
2021-08-31,-0.38416100051186713,0.14012171270927565,0
2021-09-01,1.5482120274580238,0.8744929765472697,0
2021-09-02,-0.6315054889057732,0.8221398179773702,0
2021-09-03,-0.5157966028878109,0.5745897512198377,0
2021-09-04,0.41624881840121764,0.634245675657589,0
2021-09-05,0.42731150262215806,0.5296539728656224,0
2021-09-06,-0.3683945717057031,0.40486506387609433,0
2021-09-07,0.9556078483743108,0.06497493668523224,1
2021-09-08,-2.0814587722395,0.24214370309859656,0
2021-09-09,-1.0903421095384251,0.2389993876508114,0
2021-09-10,1.0053101484889562,0.34940393381622636,1
2021-09-11,0.08285027091373436,0.7663822906708468,0
2021-09-12,-1.3907710539950673,0.5166395112897108,1
2021-09-13,-0.6366234961911356,0.24129962862930077,0
2021-09-14,-0.36947856659035394,0.20194300851300928,0
2021-09-15,0.5381684210094543,0.1964687194392516,1
2021-09-16,-0.43347672038919954,0.5376483373103057,0
2021-09-17,-1.5621088348974672,0.8670125588239745,0
2021-09-18,-0.2399135118532049,0.9237018918227615,0
2021-09-19,2.3867026963061164,0.40104951792905186,1
2021-09-20,-0.10144117980302704,0.8179479637443332,0
2021-09-21,0.7902573035484093,0.20726740593863469,0
2021-09-22,-1.2055590646999748,0.24819645266921486,0
2021-09-23,-1.0996857697032854,0.23259373824707186,0
2021-09-24,0.00789311333603512,0.02428757690278216,0
2021-09-25,0.9491754985550084,0.7113656097873876,0
2021-09-26,0.2328291913972787,0.8238338324749666,0
2021-09-27,1.6200200893644674,0.09396741335445824,1
2021-09-28,1.4409835576534076,0.3652729198306678,0
2021-09-29,-0.3141752123097865,0.2652220447259287,0
2021-09-30,-0.2605472835979274,0.1806019659954209,0
2021-10-01,0.9779681989671196,0.18194528888236006,0
2021-10-02,-0.7434626703599007,0.34049507266422463,0
2021-10-03,-1.470513737168102,0.1886148463691053,0
2021-10-04,-0.7728930506563323,0.7712491112875852,0
2021-10-05,-1.7630381411099987,0.24460085241262408,0
2021-10-06,-1.8130433311025056,0.01344107014026208,0
2021-10-07,0.00909456495365166,0.7360871035836304,0
2021-10-08,0.9743022784681413,0.015130514243531179,0
2021-10-09,1.4631449993661447,0.9488764467040514,0
2021-10-10,0.716089072807729,0.5740472607670142,0
2021-10-11,0.46629121124084466,0.7700692254135884,0
2021-10-12,-0.992467946673994,0.7338353028242027,0
2021-10-13,-0.39344555563901157,0.8010977487611644,0
2021-10-14,0.0971559690802427,0.9700698095526021,0
2021-10-15,-0.9614208755954197,0.5817776366981783,0
2021-10-16,-0.2649747374104576,0.7252495212997152,0
2021-10-17,0.7290551454083186,0.45151393754923896,1
2021-10-18,0.8595986850811553,0.9132384189361356,0
2021-10-19,-0.4641837131657331,0.8185879475883363,1
2021-10-20,-0.5780133227774642,0.9390521735027708,0
2021-10-21,-1.0839890496511706,0.9111479163086175,0
2021-10-22,-0.30057016596891273,0.9044101222929631,1
2021-10-23,-0.3932256407101788,0.08486803787538377,0
2021-10-24,-0.19881320042581438,0.1807309786178104,0
2021-10-25,-0.1801904122142988,0.23228657062188163,1
2021-10-26,0.45192796411558295,0.8414888273025959,0
2021-10-27,1.8341370372215147,0.5042742589566096,0
2021-10-28,0.3789282412175084,0.34516468714402826,0
2021-10-29,0.1821233722227218,0.32140148509111277,1
2021-10-30,1.552885553595521,0.12056133028219729,0
2021-10-31,1.0421748311424768,0.09764205830299866,0
2021-11-01,1.2428531202077515,0.7725713200667087,0
2021-11-02,0.7492882367182855,0.7729167171863225,0
2021-11-03,-1.156999534954505,0.3249041680805962,1
2021-11-04,-0.12169493163040275,0.347311820494416,1
2021-11-05,-2.0120202525302053,0.6230026959104402,0
2021-11-06,-1.1855629537353178,0.7119457698862183,1
2021-11-07,-2.0154198630199485,0.7610130780741986,0
2021-11-08,1.519204522964916,0.014029147566122169,0
2021-11-09,0.46851090832259545,0.4819085492444697,0
2021-11-10,-1.2262217259981973,0.6541250115893255,0
2021-11-11,0.5779780084453954,0.3622562732575928,0
2021-11-12,1.2788059751575158,0.33863257525102763,0
2021-11-13,0.29412474445109615,0.5023349312868394,0
2021-11-14,-0.07783966611644909,0.7581279346895822,0
2021-11-15,-0.6023676146392485,0.3423125680281782,0
2021-11-16,-1.423043598828451,0.5750514829149658,0
2021-11-17,-0.13338458757935143,0.8868484124013548,0
2021-11-18,0.5343760209926323,0.5722683111417077,1
2021-11-19,-1.884474405038804,0.05050616659167584,0
2021-11-20,0.999206741420637,0.38287245885302346,0
2021-11-21,1.7008390142186363,0.16966811736717935,1
2021-11-22,-1.41672347181842,0.5311616356194794,0
2021-11-23,-0.4302052727058946,0.8555534208981899,0
2021-11-24,1.0400987834993962,0.13207179532743873,0
2021-11-25,0.15708694951435984,0.7927786362933484,0
2021-11-26,-0.036894871303389865,0.519251349247913,0
2021-11-27,1.412815722662904,0.7459885766154103,0
2021-11-28,0.5375917267462029,0.6584073752113192,0
2021-11-29,-1.4039783944676278,0.1615381247581903,0
2021-11-30,-1.08839348164963,0.11657735519668799,0
2021-12-01,0.7051825851075498,0.7638482922521445,0
2021-12-02,0.09739428533736763,0.5452556514724907,0
2021-12-03,0.035705846153815515,0.6338346564963584,0
2021-12-04,0.876683359664899,0.8990985550994125,0
2021-12-05,-0.43027745418278324,0.6969868105783016,0
2021-12-06,1.823355078703085,0.740775943507114,0
2021-12-07,-1.189329536184219,0.006024020532479524,0
2021-12-08,0.04520540358651621,0.35606345867521416,0
2021-12-09,-1.480747549590203,0.7938778697163754,0
2021-12-10,-0.08981992420051188,0.13746667950502078,0
2021-12-11,0.2685114336525496,0.3435250159926102,0
2021-12-12,1.0992057695488298,0.7600192967106437,0
2021-12-13,-0.46133053046043865,0.6396997053978126,0
2021-12-14,0.07690278039668405,0.954547614362675,0
2021-12-15,1.3838125898530735,0.587172426425771,0
2021-12-16,-1.1103196679620901,0.9288144647178226,0
2021-12-17,0.7014460696321974,0.729796127735618,0
2021-12-18,0.4765706893964344,0.5104638792939409,0
2021-12-19,1.1946324402136197,0.34789051585373243,0
2021-12-20,0.5568641523440074,0.1920658661983191,0
2021-12-21,0.9226928063441526,0.06355243483416317,0
2021-12-22,-0.1545565361690393,0.32337460541462526,0
2021-12-23,-0.18574053301805732,0.9642124268771506,0
2021-12-24,0.16437588027778702,0.4460763356780575,0
2021-12-25,0.5010470927044247,0.5558522002712234,0
2021-12-26,1.5735072565811783,0.3540902877712542,0
2021-12-27,-0.6976568280200883,0.7947462708893626,0
2021-12-28,-0.8257732921037798,0.9564470749668409,1
2021-12-29,-1.46805548182447,0.8628792524719961,0
2021-12-30,-0.6834700162353843,0.9534425085103758,0
2021-12-31,-1.0104673005163896,0.27901349093828165,0
2022-01-01,1.2789167135312745,0.3301363426975671,0
2022-01-02,0.8915314246009087,0.15336946352858938,0
2022-01-03,-0.409061611769076,0.2237910638699825,0
2022-01-04,0.762682607024483,0.4013316798181804,0
2022-01-05,-0.9781774548603691,0.20502491220711083,0
2022-01-06,0.4512964417905546,0.015628805063710893,0
2022-01-07,-1.0137260494251235,0.7505638086400139,0
2022-01-08,0.557859484708133,0.27711912952827333,0
2022-01-09,0.2219081605021431,0.320031079397587,1
2022-01-10,-2.709036295481412,0.7687896505148684,0
2022-01-11,0.7958035394509706,0.2105034004306865,0
2022-01-12,-0.19786744400956305,0.04768033571595942,0
2022-01-13,-0.17717334749000116,0.7577114514989627,0
2022-01-14,2.26667301254088,0.7485306219061625,0
2022-01-15,0.36761657713656953,0.7428428485161156,0
2022-01-16,-1.7177269247415177,0.549789614043541,0
2022-01-17,-0.07734668108311075,0.5744990089517759,0
2022-01-18,-2.581136229564289,0.5910395776259992,0
2022-01-19,-2.0613164314799,0.3123818730886374,1
2022-01-20,0.8319280055669196,0.6224912617907256,1
2022-01-21,-1.1554978135177458,0.8398027255238061,0
2022-01-22,-1.4070065207574487,0.37405845414640304,0
2022-01-23,-0.055632276509439894,0.8302329315705764,1
2022-01-24,-0.5293125871357428,0.4243664486662444,1
2022-01-25,0.06648408047889565,0.33243236510446594,1
2022-01-26,1.3685209945064707,0.9540582971565218,0
2022-01-27,0.654484041593405,0.8907208395903545,0
2022-01-28,-0.3813274289027041,0.24842483740698007,0
2022-01-29,0.02304775220877332,0.18586579629384725,1
2022-01-30,-1.7227195257343242,0.668960140693913,1
2022-01-31,0.767793937682301,0.45251572361800907,1
2022-02-01,-0.5761107789942688,0.8602262117706154,0
2022-02-02,0.8656518925598247,0.6423849621974236,0
2022-02-03,1.1765151287821225,0.6552441954054465,0
2022-02-04,0.3642390728024521,0.10495807355911291,1
2022-02-05,1.1412650598857812,0.2743260187990184,0
2022-02-06,0.31009468553393477,0.6608849675204341,0
2022-02-07,0.5136788093838995,0.8423102937048055,0
2022-02-08,1.2689906974739606,0.4963508241542216,1
2022-02-09,1.8379692051762992,0.40210469624599887,0
2022-02-10,0.6904181209430004,0.0589310373040538,0
2022-02-11,-1.3029431245421126,0.24310962131634062,0
2022-02-12,0.3959946002656115,0.7703269595515686,0
2022-02-13,0.6619836542172458,0.8197306832229753,0
2022-02-14,-0.2701201274464912,0.17031034210563445,0
2022-02-15,0.9194298244091176,0.8669108895957678,0
2022-02-16,-0.16126186186384744,0.1762087207931432,0
2022-02-17,-0.2880447317790075,0.7104722859827973,0
2022-02-18,0.15758676343162836,0.23642030276231252,0
2022-02-19,0.9906908888219573,0.3848490337759013,0
2022-02-20,-0.9562415588191836,0.04601875789381615,0
2022-02-21,-1.4039401279058439,0.6654680517450628,1
2022-02-22,-0.4449480662778811,0.14038183442208152,1
2022-02-23,0.8749803326550422,0.8765675401638913,0
2022-02-24,1.3843292092636736,0.2401696706569808,0
2022-02-25,-1.0715321275327596,0.3302670170361981,0
2022-02-26,0.6824755253519492,0.24548757187899695,0
2022-02-27,-0.9618033356224965,0.8229687960373788,0
2022-02-28,0.430409160854734,0.7693370484223471,0
2022-03-01,-0.026011957765073118,0.7169212232508688,0
2022-03-02,-1.2404987560766672,0.15919664505551256,0
2022-03-03,-0.8037841580229026,0.25997336582732533,0
2022-03-04,0.33843702988093577,0.16570517435813847,0
2022-03-05,0.7942760987169373,0.7106624265659578,0
2022-03-06,0.9585230928015074,0.80068477325409,1
2022-03-07,0.46846347619155054,0.30804767910739395,1
2022-03-08,-0.07505609528762139,0.033283940325683714,0
2022-03-09,-0.6259691364877972,0.4561217712431309,0
2022-03-10,1.2899729180718558,0.5865501517014848,0
2022-03-11,0.0266804838877743,0.2512067279994422,0
2022-03-12,-0.08144303627147077,0.28201346033733243,0
2022-03-13,-0.5219575966332797,0.5765033698697313,0
2022-03-14,0.40322327831654314,0.5155300066659899,0
2022-03-15,1.2927130661742776,0.05462892468981062,1
2022-03-16,-0.29258357734844426,0.9447686817164663,0
2022-03-17,1.782866146886904,0.9004593640612433,1
2022-03-18,-0.3724148354846073,0.0324429796038227,0
2022-03-19,-1.4657443026242374,0.4310174373602832,0
2022-03-20,0.0524336559000067,0.3643744298269711,0
2022-03-21,-0.3800266420578344,0.45980326048956666,0
2022-03-22,-0.89029642016313,0.5471932185727054,0
2022-03-23,-1.058709771691675,0.4972923952479734,0
2022-03-24,0.35389353554554076,0.9342716501389124,0
2022-03-25,0.5002610019392948,0.3484814114044107,0
2022-03-26,0.197712819960955,0.27868197571875086,1
2022-03-27,-1.0184511580298987,0.3200906743550397,0
2022-03-28,-0.44747372592468787,0.5198496330519955,1
2022-03-29,-0.01657026056185796,0.7057450292043713,0
2022-03-30,0.00366395789768355,0.3583716426967527,0
2022-03-31,-0.7304805692709329,0.4152234547200452,0
2022-04-01,-0.6597770392570811,0.7474983226290115,1
2022-04-02,-0.34736794520470005,0.729749240308281,1
2022-04-03,1.7378757766944875,0.48510511372133025,0
2022-04-04,0.5148920797187103,0.17959071876934007,1
2022-04-05,1.4534803343747353,0.19290381047007754,0
2022-04-06,0.9762215116845568,0.6819372027927575,0
2022-04-07,0.7638233849404484,0.3575217344392744,0
2022-04-08,-1.1992432832728863,0.6542113531630993,1
2022-04-09,0.04867645737262908,0.9970139238283219,0
2022-04-10,1.1691753262508084,0.25238507956384804,1
2022-04-11,-0.6165470877173084,0.47559568454887835,0
2022-04-12,-0.45092877824702066,0.5598097434346188,0
2022-04-13,1.6424714030383851,0.2097051640492611,0
2022-04-14,0.33310803663714655,0.16531956683867688,1
2022-04-15,0.9664580767306308,0.6712105119590668,0
2022-04-16,0.4430074884591491,0.80597875920186,0
2022-04-17,0.25557631845100104,0.9559061212554701,1
2022-04-18,-0.15186695910474765,0.6221915184584582,0
2022-04-19,0.6608846022325966,0.9560307857649678,1
2022-04-20,0.7291786937152342,0.16448058096576446,0
2022-04-21,-0.9376895781077591,0.6973580248484466,0
2022-04-22,-0.6395075668045865,0.5211642675925695,0
2022-04-23,0.5850553230714202,0.636716160264498,0
2022-04-24,-0.10527985666068089,0.046099517338721197,0
2022-04-25,-0.20801478662628736,0.286640179839564,0
2022-04-26,0.22444180423769236,0.6731935201611532,0
2022-04-27,-1.4851817629648802,0.7547869423556164,0
2022-04-28,-0.13572945834631112,0.34125075348625966,0
2022-04-29,0.5218461991853433,0.10857189291258662,0
2022-04-30,0.2874471188914458,0.903033070378575,0
2022-05-01,-1.5061013439836892,0.9260737174293894,0
2022-05-02,-0.5834508984368688,0.6349302859857721,0
2022-05-03,-0.5326038657345274,0.8294839702827815,1
2022-05-04,-0.23881819411005337,0.26200067999392007,0
2022-05-05,-1.167838897816035,0.6775378194822489,0
2022-05-06,0.6375370689357115,0.23807754263686765,0
2022-05-07,0.6716278691151184,0.8643129570691341,0
2022-05-08,1.3744868957099776,0.014094759701874904,0
2022-05-09,1.3264847831609168,0.29620515412047366,0
2022-05-10,-1.2151658257651496,0.8893315935754756,0
2022-05-11,0.008888582676367114,0.8659207960915232,0
2022-05-12,-0.8484010376267918,0.005282896821550032,1
2022-05-13,-0.5871760901974101,0.032649032305060555,0
2022-05-14,1.9748818979674045,0.30155010968847373,0
2022-05-15,1.4042882533198018,0.7995153369903466,0
2022-05-16,-0.4627618431503366,0.38384609139896253,0
2022-05-17,0.3161641981452831,0.41948625204041134,0
2022-05-18,-1.1708021093352474,0.6052574980472695,0
2022-05-19,-0.589351140931644,0.873849138945803,0
2022-05-20,1.2731641906024638,0.05255308960599525,0
2022-05-21,0.8422923579730914,0.6222189468213492,0
2022-05-22,-0.49957045849980963,0.7201224517796402,1
2022-05-23,0.11847801575934384,0.3366889768292838,0
2022-05-24,0.7925490349533949,0.3186087040203448,0
2022-05-25,0.8733523412881999,0.7292617272143064,1
2022-05-26,0.7910348584491745,0.6814371429326639,0
2022-05-27,-1.1880857921838934,0.1192629611386804,0
2022-05-28,1.364470213268587,0.36413980387944545,0
2022-05-29,0.02718576873254002,0.0415909631814515,1
2022-05-30,-0.2750647176473872,0.24800550033661972,0
2022-05-31,-0.4902490316092532,0.43810595173654876,1
2022-06-01,-1.341215461125847,0.062125707291984744,0
2022-06-02,1.801446750418708,0.002282649519915525,0
2022-06-03,0.19658762853893003,0.25007182346334456,0
2022-06-04,-1.0365303646852722,0.807567349725746,0
2022-06-05,-1.4445723726566766,0.7940781957265388,0
2022-06-06,0.4420504924305303,0.8905818820505775,0
2022-06-07,1.0279004017884499,0.13174444790798345,0
2022-06-08,-1.377285621801581,0.3449476302087744,0
2022-06-09,1.0550425050452858,0.1539691828013462,0
2022-06-10,1.950078177375113,0.21071106350020574,0
2022-06-11,-0.17878212262499837,0.3419112864716688,0
2022-06-12,-2.305511810963182,0.45572787082624666,0
2022-06-13,0.021488585174722075,0.4379826313689812,0
2022-06-14,0.446558735038062,0.418941284411794,0
2022-06-15,0.3634028428189803,0.7086256984159945,0
2022-06-16,1.3753959964100482,0.8969628110150158,0
2022-06-17,-1.1816745275922376,0.9819864310283962,0
2022-06-18,1.2108674574240632,0.6099686075502605,0
2022-06-19,-0.8736158612905877,0.14076277105659696,0
2022-06-20,2.471684368182897,0.3628246468974913,0
2022-06-21,1.1890686127556251,0.8277358744947473,0
2022-06-22,-1.9389264054510174,0.7918371562977091,0
2022-06-23,0.4474760545606595,0.3206444825820923,0
2022-06-24,-0.3466571128451975,0.4604767281636821,0
2022-06-25,0.3940731722021886,0.7811485559313535,0
2022-06-26,0.7502776815167695,0.43311584339471654,0
2022-06-27,-0.4535617204594652,0.8223763148672609,0
2022-06-28,0.41021163546503153,0.18275332016910006,0
2022-06-29,-0.6281683371598189,0.2696241010117657,0
2022-06-30,1.603612898751546,0.40222165254724407,0
2022-07-01,0.6721170111166832,0.7659904480087487,0
2022-07-02,0.09494972727303423,0.493217258897823,0
2022-07-03,-0.0641918026392737,0.9614965810583794,0
2022-07-04,0.0666203857377829,0.20318025558738562,1
2022-07-05,0.7712943490947384,0.8933152887912729,0
2022-07-06,-1.7961770204163519,0.39046144472689026,0
2022-07-07,0.1607553700782525,0.24495835589684867,1
2022-07-08,0.3570925988490706,0.11772232868056465,0
2022-07-09,-0.42950935098409304,0.9486472019936396,0
2022-07-10,0.5827576409994735,0.45464298897869526,0
2022-07-11,-1.488675628897958,0.9368541435895475,0
2022-07-12,-1.7622072311637642,0.05673196430025462,0
2022-07-13,0.5924107647852905,0.5778732764790377,1
2022-07-14,-0.04563128892964369,0.39320806460712476,1
2022-07-15,0.6767813818953419,0.35162650424485575,0
2022-07-16,-1.3313181022525864,0.9196290946288589,0
2022-07-17,-0.13635346741121443,0.4021584595424643,0
2022-07-18,-0.33570894700824677,0.6787183306481095,0
2022-07-19,-0.058258897855382595,0.2387792849531013,0
2022-07-20,0.8417310097541918,0.42556322939944824,0
2022-07-21,1.583181088129195,0.37383918705938535,0
2022-07-22,0.2957638467340473,0.004401868030509015,0
2022-07-23,0.5968342554124751,0.23928261772882242,0
2022-07-24,1.3315992712151348,0.32930486936963543,0
2022-07-25,0.3732392850099968,0.4706510790889561,1
2022-07-26,0.22768135800720496,0.5417273292466593,0
2022-07-27,1.2676029451330912,0.24215564648645727,1
2022-07-28,-0.21489072171227583,0.20895057260457373,0
2022-07-29,0.9892464529592859,0.6235588971923582,1
2022-07-30,-1.7518110089979249,0.003659978629951488,0
2022-07-31,1.6126164220030195,0.900974854945583,0
2022-08-01,-0.3879753597453714,0.2319204137059614,0
2022-08-02,0.332624724473482,0.7877221710486924,0
2022-08-03,0.3617910320755203,0.7804093491347476,0
2022-08-04,-0.8294720030961872,0.853489291130064,0
2022-08-05,0.149588856760942,0.1443361528460676,1
2022-08-06,0.14737206915862933,0.0019476641206285228,1
2022-08-07,-0.4226469736929737,0.6293433398478905,0
2022-08-08,0.38988944664961606,0.4713654398362519,0
2022-08-09,0.9986232313449924,0.5004225310783197,0
2022-08-10,0.10869157158458154,0.9096410123990951,1
2022-08-11,0.7681807874947413,0.5651352991828352,0
2022-08-12,-0.2609073067510443,0.321922004387016,0
2022-08-13,-1.0364120966944246,0.9742644770708212,0
2022-08-14,-0.9933883297894579,0.5930844118630273,0
2022-08-15,0.14920444459616303,0.2687880118420932,0
2022-08-16,-0.4411120476700277,0.8436489224067053,0
2022-08-17,-0.15037453874120926,0.9824127023037789,0
2022-08-18,-0.30147729968772996,0.8152724774951183,0
2022-08-19,0.20441305621373823,0.7944780035031684,1
2022-08-20,1.3903382508933417,0.06442103657380316,0
2022-08-21,1.058460568763635,0.3735378705789618,0
2022-08-22,-0.6236623943856903,0.3494697113033789,0
2022-08-23,-1.28213098766455,0.03686121735123893,1
2022-08-24,-0.44360916417625335,0.15790120472402003,0
2022-08-25,-0.056508072295378096,0.007004665366974527,0
2022-08-26,0.0333871359022798,0.476320097323359,1
2022-08-27,-0.6666011233238476,0.6143574004446605,0
2022-08-28,-0.9745051404841845,0.0034161318414229758,1
2022-08-29,0.462637865425879,0.6557790234228149,0
2022-08-30,1.441964603800734,0.22964243102339943,1
2022-08-31,-0.19073369954617658,0.16583878101864324,0
2022-09-01,1.2044629326775143,0.17151583379276936,0
2022-09-02,-0.7605190316334582,0.9884230167042543,0
2022-09-03,-3.002412272615061,0.9180081080055125,0
2022-09-04,0.5788774061878853,0.8476084402008102,0
2022-09-05,-0.04386449101703195,0.6016452943210361,0
2022-09-06,-0.8276952751824147,0.03846974017526317,0
2022-09-07,0.7207966896987842,0.715250162746728,0
2022-09-08,0.33545796425938096,0.09061532452946575,1
2022-09-09,-1.3684879814612916,0.7964240838264232,1
2022-09-10,0.27109999143155866,0.6623474138591572,0
2022-09-11,1.4738352363942893,0.31496744658652975,0
2022-09-12,-0.7267121932364361,0.3047370645557417,0
2022-09-13,0.2432660496231598,0.8171484216757157,0
2022-09-14,0.25806237785383457,0.8597583004103263,1
2022-09-15,-0.39508744744426083,0.5244108160580538,0
2022-09-16,-1.2750420455854818,0.4265683252622091,0
2022-09-17,0.07099954236942646,0.7896072309756547,0
2022-09-18,-0.3040957789349813,0.2366145380722281,1
2022-09-19,0.7865375960313697,0.8422321988194622,1
2022-09-20,0.7501320517948596,0.7975123672403434,0
2022-09-21,1.1443296184120366,0.5946419984097746,0
2022-09-22,0.19713554084039153,0.8064472243733849,0
2022-09-23,-1.6559725758328363,0.8084265777405237,0
2022-09-24,0.45648140544918436,0.5675843288468946,1
2022-09-25,1.5965608461808811,0.04706789949764434,0
2022-09-26,-1.0947521342829818,0.6317991596859979,0
2022-09-27,0.06323386494980769,0.480901130264359,0
2022-09-28,-1.2320781419330835,0.7373181134396011,1
2022-09-29,0.10321603601401493,0.6078206308973515,0
2022-09-30,-2.1384922563691755,0.13914261239863668,0
2022-10-01,1.7132196130872508,0.2157871128161739,0
2022-10-02,0.7805940509673671,0.9314177796837464,0
2022-10-03,-1.1437124810425878,0.25934988081999155,0
2022-10-04,-0.1949245537738241,0.20380068314514366,0
2022-10-05,0.28754880811707895,0.7513507881979025,0
2022-10-06,-0.3443214810047593,0.26260139593456955,0
2022-10-07,0.7353933477971661,0.8549034224308444,1
2022-10-08,-0.06872715095488159,0.8174841735777686,1
2022-10-09,1.0734748395582776,0.9511538695375852,0
2022-10-10,-2.3592047013121342,0.7258335705922276,0
2022-10-11,0.031496726075398794,0.8002647603200433,0
2022-10-12,0.7707009262909011,0.31483884361041703,0
2022-10-13,-0.004511309272372953,0.038235816572984915,0
2022-10-14,1.0656951413483078,0.6315798759896567,0
2022-10-15,-0.45701726477898347,0.1757375945704751,0
2022-10-16,-1.320223983386937,0.13712650909800272,0
2022-10-17,-0.8973207532058416,0.5253595103506318,0
2022-10-18,-0.584286512240907,0.2941860824027077,1
2022-10-19,0.961234276006356,0.3804838092749908,0
2022-10-20,0.6960472553366726,0.39926980084597785,0
2022-10-21,-0.5149183433134747,0.39646869059395695,0
2022-10-22,-0.2892325093524613,0.6868574122435165,0
2022-10-23,0.4532640935350042,0.4361346368290848,0
2022-10-24,0.7688135496330916,0.5991115768932623,1
2022-10-25,-0.09041510189202648,0.5530342562027043,0
2022-10-26,-0.6357163361301993,0.1411842676824513,0
2022-10-27,-0.23419027581897955,0.09204834827060837,0
2022-10-28,0.7612659034619401,0.9499400266001928,0
2022-10-29,1.80979454416026,0.43187895378330754,0
2022-10-30,-1.3601237237912516,0.505392144199659,0
2022-10-31,1.378883817733116,0.20217841484170618,0
2022-11-01,-0.05076452996869263,0.6169952592205272,0
2022-11-02,-0.7583683187943682,0.23480822787729072,0
2022-11-03,1.8771882653574063,0.5639947640306612,1
2022-11-04,-0.791927681222118,0.9875430144129838,0
2022-11-05,-1.7288776421892533,0.20628717584988743,0
2022-11-06,-0.9124330212718135,0.39099003959519085,0
2022-11-07,-0.16758267972979873,0.6880633254499424,1
2022-11-08,-0.9792990190685236,0.049687779357919015,0
2022-11-09,1.4300209118999807,0.5465883959212299,0
2022-11-10,0.5870999497796454,0.23106707746263022,0
2022-11-11,1.313198396993361,0.8966925133909505,0
2022-11-12,0.6839740694334056,0.7044881188402216,0
2022-11-13,-0.6916229051892433,0.6154110704432773,1
2022-11-14,3.0074078656065195,0.07371856648140862,0
2022-11-15,-1.8006052867311095,0.20313222521203134,0
2022-11-16,1.1072397596078107,0.015912502366339676,0
2022-11-17,-1.4115429335428156,0.16234909197655334,1
2022-11-18,-0.21646383529507507,0.5309497866169056,0
2022-11-19,0.11202571815006594,0.9956691712591076,1
2022-11-20,0.869490632341276,0.5865556316920569,0
2022-11-21,-0.9551585367965371,0.3102879096501827,0
2022-11-22,-1.2859193862055165,0.3803235953790777,0
2022-11-23,0.33329909983685907,0.6440499386800874,0
2022-11-24,-0.44508813851210893,0.057983014377278486,0
2022-11-25,0.13565028401812423,0.1532403066450846,0
2022-11-26,0.7378801135771833,0.37184615814177446,0
2022-11-27,-0.5075393354790793,0.3021153891314635,0
2022-11-28,-0.22716914960127582,0.5823169329951178,0
2022-11-29,0.25054947238589353,0.8984870930059129,0
2022-11-30,-0.23375824723727043,0.8005241701344501,0
2022-12-01,0.5428571578599847,0.7397958777118345,1
2022-12-02,0.22200453561302558,0.33343776084889765,0
2022-12-03,0.4244343868227333,0.1550634432772614,0
2022-12-04,-0.2918120295988956,0.1412446838367598,0
2022-12-05,-1.2578661199712287,0.882777042653501,0
2022-12-06,-1.0163424568536907,0.6890754895692324,0
2022-12-07,0.05078646404140008,0.21731501994462255,1
2022-12-08,0.9343856832726959,0.8753547598012408,1
2022-12-09,0.8491866470620009,0.6980079775870311,0
2022-12-10,-0.2345500788920793,0.9319971475351463,0
2022-12-11,0.04618784321317639,0.041234998799258515,1
2022-12-12,0.9976540553988792,0.4915801203400929,0
2022-12-13,-0.7125505434150438,0.574027042114639,0
2022-12-14,0.8186894865799622,0.44231913276574497,0
2022-12-15,0.15342520269697454,0.9531790394923843,0
2022-12-16,0.4065648622023056,0.14611263056567592,0
2022-12-17,0.6253567546746225,0.7724013353797744,0
2022-12-18,-0.034686235265155047,0.23783423221450395,0
2022-12-19,1.1158386242898204,0.144936231019268,0
2022-12-20,-0.26109698315518376,0.9832987034124914,0
2022-12-21,1.5989830750769816,0.7225791292570661,0
2022-12-22,1.0740453072630265,0.5902725898583243,0
2022-12-23,-2.181035648236155,0.7019732671147494,0
2022-12-24,1.5935503377612543,0.22357601321567877,0
2022-12-25,0.9982711119452972,0.3558008159921453,0
2022-12-26,0.6121681797641129,0.013131847095743443,0
2022-12-27,-2.5842081731227364,0.5692823608160902,0
2022-12-28,-1.4003828207356588,0.4421407416398142,1
2022-12-29,-0.41678572200563035,0.6993515152079304,0
2022-12-30,0.11285645137472723,0.24115056729117856,0
2022-12-31,-1.2227169169339742,0.726344542972112,0
2023-01-01,0.5970606316180544,0.9490915560314815,0
2023-01-02,0.18756093230017706,0.5315744195028547,0
2023-01-03,1.5100518381278272,0.3418148410517745,1
2023-01-04,-1.162347723093045,0.6542985547644321,0
2023-01-05,-1.2354338303781598,0.4228952241766848,0
2023-01-06,0.5137877111249984,0.09792596932032116,0
2023-01-07,-1.2535634339816615,0.16304387343925586,0
2023-01-08,-1.0955120267647958,0.5586158460862283,0
2023-01-09,-1.3972538887570916,0.13813760571855205,1
2023-01-10,0.4034414067135418,0.011069647837039676,0
2023-01-11,0.5159217437316712,0.034795789331034555,0
2023-01-12,-0.7537506712265968,0.7379986763749101,0
2023-01-13,-0.165234244582844,0.7528383089550795,1
2023-01-14,1.0308026350682897,0.6641368644790066,0
2023-01-15,-0.7955394019508589,0.45210346199215856,0
2023-01-16,0.45968221709146856,0.31276404633815613,0
2023-01-17,-0.20338136159463896,0.044055660542341,0
2023-01-18,-0.6755730679431229,0.9293627973581837,0
2023-01-19,0.339178593772646,0.520146147252477,0
2023-01-20,-0.3131102746294375,0.5046249647110737,0
2023-01-21,-0.310499985901117,0.7484705868399771,1
2023-01-22,3.27015605638424,0.5606058756715652,0
2023-01-23,-0.6070033505265054,0.9426031163011998,1
2023-01-24,1.466179173565213,0.05144080922969185,0
2023-01-25,2.1231305770749995,0.21877664689588372,0
2023-01-26,-1.0351957843306823,0.16697183025211293,0
2023-01-27,-0.8600367938820735,0.5015399576211722,0
2023-01-28,1.2498717097948815,0.18850381158134433,1
2023-01-29,0.691090583543704,0.0364853843827464,0
2023-01-30,-0.9870295735147695,0.478111323458444,1
2023-01-31,-1.7305151649141457,0.41158252994534894,0
2023-02-01,0.5101823649723777,0.7642731398854749,0
2023-02-02,-0.0020867146256392417,0.2733050336782711,0
2023-02-03,0.04499763784825729,0.7689825880734867,0
2023-02-04,-0.0051955403762906326,0.3189435894020032,1
2023-02-05,1.6367932614271932,0.8639003796730979,0
2023-02-06,-0.059203280648179125,0.6603439135261576,1
2023-02-07,0.8244826365938788,0.9174367809747103,1
2023-02-08,2.1217367485472662,0.720833859119453,0
2023-02-09,-0.39528284081246334,0.32211701422590466,0
2023-02-10,1.400982687119105,0.42172127360169187,0
2023-02-11,-0.06586825351803843,0.1324375223239972,0
2023-02-12,-0.5653951737664011,0.20123928751875564,0
2023-02-13,-1.266263229586642,0.043537146583002784,0
2023-02-14,-0.7328836189547794,0.7763365378595577,0
2023-02-15,-0.07744127235787095,0.42964248844449626,0
2023-02-16,-0.11638114694346328,0.0021234396712812575,0
2023-02-17,1.1143694275064462,0.3190392824998255,0
2023-02-18,0.849956090694944,0.5485354611979255,0
2023-02-19,0.38120650161894076,0.24471315089894474,0
2023-02-20,-1.4188589768601223,0.5512807572831742,0
2023-02-21,-1.9371493593435336,0.34809500867588217,1
2023-02-22,-0.9178498915525183,0.27638490166016416,0
2023-02-23,-0.3959782704215591,0.440617964703805,0
2023-02-24,0.04866913377793012,0.8707123397113495,0
2023-02-25,-0.8337506066492958,0.016093603522337352,0
2023-02-26,0.9558904308690165,0.23585419145468156,0
2023-02-27,0.5692819434260262,0.43704011666586706,0
2023-02-28,-1.3548332899737903,0.8166703650972592,0
2023-03-01,-1.8343715501847004,0.5422048905637998,0
2023-03-02,-0.5235413825071792,0.8348995529475418,1
2023-03-03,0.020579617711460534,0.25521647132109226,1
2023-03-04,0.0165583631585469,0.5608481840340546,0
2023-03-05,-0.12150323218109145,0.7016511650110296,0
2023-03-06,-1.409877949484527,0.4214370301955197,0
2023-03-07,1.1850610359000762,0.6760065517309027,0
2023-03-08,0.017532143654132127,0.5929913535488491,1
2023-03-09,0.9066785796235073,0.6353209182308707,0
2023-03-10,-1.8815650282673708,0.8366104975084252,0
2023-03-11,-0.4800310762515611,0.6813356381899873,1
2023-03-12,0.2154867548446906,0.47260386737673166,0
2023-03-13,-0.9586901762529092,0.8863912187949262,0
2023-03-14,0.6579074115884067,0.3990090140122483,0
2023-03-15,0.7997894271191885,0.03159279619953881,0
2023-03-16,-0.5447631849686883,0.4994045164357629,0
2023-03-17,1.623725375142597,0.14373047015071483,0
2023-03-18,0.9513254837336153,0.837619753256471,1
2023-03-19,0.43298871589180365,0.18229388429842164,0
2023-03-20,-0.35472091320187277,0.6751715162228896,0
2023-03-21,1.3111719880092734,0.4542808539651254,0
2023-03-22,-0.3039710941864463,0.7141595343905703,0
2023-03-23,-0.8490277869454065,0.14470279271154474,0
2023-03-24,0.03228166957146622,0.2764849667332083,0
2023-03-25,-0.9891879325969234,0.18005420714173104,1
2023-03-26,0.861824463706398,0.5613042654520749,0
2023-03-27,0.11259182720930928,0.7397636023295047,0
2023-03-28,0.8698133588531991,0.3283536066007534,0
2023-03-29,-1.978447986534011,0.0840400973859311,0
2023-03-30,0.09511146563851326,0.3507580471965335,0
2023-03-31,1.8232466540890835,0.7179542200117848,0
2023-04-01,0.8525949326672494,0.6791833259136745,0
2023-04-02,0.9932603509143476,0.8321155935102109,0
2023-04-03,-1.8605312950167099,0.5650320222018582,0
2023-04-04,-0.09396757276208612,0.28268639866568246,0
2023-04-05,-0.8799959027424121,0.20791927442061775,1
2023-04-06,1.439731819014844,0.6059988023631993,1
2023-04-07,-0.39042240168787173,0.8217707519263914,0
2023-04-08,1.131942174174212,0.394420430919844,0
2023-04-09,0.5661957454490139,0.6407006041312266,0
2023-04-10,0.9683628882185227,0.4803133641593278,0
2023-04-11,-0.4573961440115405,0.6674478330819665,0
2023-04-12,-2.003978386811893,0.7541093250782196,0
2023-04-13,-0.3980528873934209,0.31953748184927844,0
2023-04-14,0.2660233828083518,0.47621910393619393,0
2023-04-15,-1.5794451591994292,0.5071068141445957,0
2023-04-16,0.2902122830510323,0.48734563775431805,1
2023-04-17,0.12813552544765777,0.4647745253161374,0
2023-04-18,-0.9631920371654069,0.36695216789939467,0
2023-04-19,-1.113353029914585,0.8685843390769926,1
2023-04-20,0.28325479889347566,0.9957293037153129,1
2023-04-21,-0.14956206431831923,0.40391172911340667,0
2023-04-22,-0.7663532917374946,0.2700128499500729,1
2023-04-23,-1.0395538596496512,0.889409202064657,1
2023-04-24,0.19061145758193926,0.8325783842589359,0
2023-04-25,0.6713056024788667,0.747285681419962,0
2023-04-26,0.312903991876528,0.7010338589788836,0
2023-04-27,-2.087369642794896,0.853587726746818,0
2023-04-28,0.8874572679334858,0.05387259409095502,0
2023-04-29,0.12436205796725772,0.9661176982210666,0
2023-04-30,-0.8078497676825375,0.9195259955816575,0
2023-05-01,-0.5752576740669132,0.233384572564598,0
2023-05-02,-1.4159050277048342,0.17269771573341097,0
2023-05-03,-0.33253525215062446,0.9405766156766407,0
2023-05-04,0.9827033915003337,0.08669258429532467,0
2023-05-05,-0.16212452012682335,0.14407355959370016,0
2023-05-06,-0.2985331592468999,0.7265699080620407,0
2023-05-07,-0.6784761737882559,0.28306334783266673,0
2023-05-08,-0.04398149589395975,0.8789557555872817,0
2023-05-09,0.5505997757539944,0.6758520204784076,1
2023-05-10,1.3633324191008513,0.6936810855306286,1
2023-05-11,-0.6283631293102063,0.0757066287636009,0
2023-05-12,-0.21771503760576083,0.7916838002944808,0
2023-05-13,-1.3839297941621764,0.28518377751664226,0
2023-05-14,0.6975620274356436,0.7678123435796217,0
2023-05-15,-0.5742919401168657,0.20333971767197712,1
2023-05-16,-1.0586189644034587,0.16288898808832808,1
2023-05-17,0.6815557988528278,0.6771447932400796,1
2023-05-18,1.3245411752939371,0.8136979206086722,0
2023-05-19,-1.0340374724268593,0.49900090282480547,0
2023-05-20,1.2836851984113837,0.677129900618414,1
2023-05-21,-1.8034046177424086,0.9863624507242836,0
2023-05-22,2.7732726858102836,0.36535784600921084,0
2023-05-23,0.6525163355747334,0.6954192099653294,0
2023-05-24,-1.1651371658098093,0.34809109216094125,0
2023-05-25,-0.40819892031221244,0.2581369040563859,0
2023-05-26,-0.5818027585771985,0.8064282254693852,0
2023-05-27,-0.2863217529415375,0.03635369194687332,0
2023-05-28,-0.2037589514275362,0.028283186368501134,0
2023-05-29,-0.7989706726570075,0.18520215283841768,0
2023-05-30,1.2568311481114345,0.6242516544520937,0
2023-05-31,-0.8770037915446587,0.14262806809344797,0
2023-06-01,-0.42516561649608425,0.7050345815207721,0
2023-06-02,1.6215798634560774,0.9384009822289517,0
2023-06-03,-1.553720163417671,0.9428441927100413,0
2023-06-04,0.5015709775382623,0.6595289449130384,0
2023-06-05,0.46881340826781936,0.39684960056320284,0
2023-06-06,-0.5340735430218028,0.5736762062566286,0
2023-06-07,0.49615547366528095,0.7884487369648375,0
2023-06-08,-0.3189309617097574,0.007785874159641604,0
2023-06-09,-0.4927714659846975,0.3738058652309729,1
2023-06-10,-1.6484539627200732,0.07753204397460856,1
2023-06-11,-1.0091533047742751,0.9912139027060064,1
2023-06-12,0.39451270132356886,0.42318622434679964,0
2023-06-13,0.21376420175262006,0.1040292186638001,1
2023-06-14,-0.6550077290972219,0.05255097226917105,0
2023-06-15,-0.8585492916095193,0.07257121516828124,0
2023-06-16,0.02652480390238091,0.6100555633108462,0
2023-06-17,1.6299365936505779,0.20613543834618542,1
2023-06-18,0.7620201113941414,0.19383773345976762,1
2023-06-19,-0.7036979618267204,0.058789446321407146,0
2023-06-20,1.8440341470048214,0.004190542499351468,1
2023-06-21,-0.04960317113366076,0.8059068839167751,0
2023-06-22,-1.0122253806796568,0.5012419138907966,0
2023-06-23,0.03540561700615697,0.7831964380067116,1
2023-06-24,-0.38620052399761845,0.02944557651976687,1
2023-06-25,-0.17250548058456597,0.45780973088863663,1
2023-06-26,-0.08566250744637316,0.7633724815518157,0
2023-06-27,2.074572402987889,0.5544683458890733,0
2023-06-28,0.5640641611734176,0.5627473405341049,1
2023-06-29,-1.3543076793549138,0.19348853707626978,0
2023-06-30,-1.2392627622587635,0.5539631497911591,0
2023-07-01,-1.4129762846481366,0.9070367380553289,0
2023-07-02,1.0452183391403547,0.8999115036975495,0
2023-07-03,0.47510787311531494,0.6926836372765662,1
2023-07-04,0.06664703603605768,0.7383704670606499,1
2023-07-05,0.373928234796464,0.4723632990402179,0
2023-07-06,-0.36565299322719036,0.010389998621042285,1
2023-07-07,-0.19067766242869996,0.91299142770309,0
2023-07-08,-0.5316563245901574,0.22067640309503578,0
2023-07-09,0.15483596076139663,0.4055550718009282,0
2023-07-10,1.2220475042697434,0.9114869502646911,1
2023-07-11,-0.6650770439318213,0.5737359152343883,0
2023-07-12,0.6279014481218809,0.1859927896997351,0
2023-07-13,0.18585894099002628,0.7078514758239804,0
2023-07-14,-1.1692184925786004,0.2822101308470284,0
2023-07-15,0.136578837273704,0.7590931511476201,0
2023-07-16,0.13104563540208028,0.2787616307218562,0
2023-07-17,0.5245196929787789,0.19174890846650983,0
2023-07-18,-0.46116742227729857,0.39198439278421204,0
2023-07-19,-0.38964012146829113,0.8878024804755489,0
2023-07-20,-0.780775366099163,0.771830475121398,0
2023-07-21,0.2978810164119305,0.40766357033416145,1
2023-07-22,1.1014295643647805,0.6971452190391667,0
2023-07-23,0.233812523208752,0.6272816449170494,0
2023-07-24,-0.23261799206203232,0.04985877374736403,0
2023-07-25,1.9186581053166945,0.5396245251161595,0
2023-07-26,0.9459016883126711,0.906614685510748,0
2023-07-27,-1.2002186753353268,0.7573422110907263,0
2023-07-28,0.3062646761665722,0.494218903798178,0
2023-07-29,-1.5060407896245454,0.6259327612156322,0
2023-07-30,0.45253890597173557,0.6442253732137618,0
2023-07-31,-0.34944150178949046,0.06907056086781982,0
2023-08-01,-1.1769531819210832,0.5534393046011258,0
2023-08-02,0.4938316190061571,0.24053804909466414,0
2023-08-03,-0.35911649949687485,0.17724721717339675,0
2023-08-04,0.5190100750550543,0.7977007226627314,0
2023-08-05,-1.4946267830392934,0.2718722217172448,1
2023-08-06,0.23239883021264987,0.04370485668162838,0
2023-08-07,1.2729493858469834,0.3721950878886616,0
2023-08-08,0.538944468362185,0.38086580382292234,0
2023-08-09,-1.3094013960384685,0.12168964160698559,0
2023-08-10,0.6989706868289157,0.03522694629018097,0
2023-08-11,-0.21409964892861078,0.6749391643207614,1
2023-08-12,1.2031380779320404,0.5776406167334764,0
2023-08-13,0.5140575542879995,0.6458456972043988,0
2023-08-14,0.8561641658677328,0.08969027694745801,0
2023-08-15,0.6149640421563921,0.24304360667494485,0
2023-08-16,1.412518489129436,0.5891894070897319,0
2023-08-17,-2.0694204432645074,0.8596296578804458,1
2023-08-18,1.1130294089995283,0.38857726096090384,1
2023-08-19,0.3734404435248388,0.16862858178847384,1
2023-08-20,0.07471210774730672,0.4537085420147092,0
2023-08-21,0.07670844054834337,0.9224787015261583,1
2023-08-22,0.8263314421552341,0.034637852679079706,0
2023-08-23,-0.8448931148444443,0.6336720804960286,1
2023-08-24,0.5408158255973556,0.19516784139212662,0
2023-08-25,1.1519855254018156,0.14367149766169296,0
2023-08-26,1.248848556838722,0.8186273299797938,0
2023-08-27,-1.1783518818659153,0.7675606425904321,1
2023-08-28,-1.1340970556252115,0.971524288668097,0
2023-08-29,1.481787605736177,0.08257971946944576,1
2023-08-30,0.70914884248528,0.8620460425738562,0
2023-08-31,-1.3696047959482716,0.9978944731618072,0
2023-09-01,0.019645144306827605,0.32150689789117204,0
2023-09-02,-0.6639440925877836,0.03126730639270048,0
2023-09-03,0.07633762610781364,0.05360709667411523,0
2023-09-04,0.07404261367460332,0.248114432213845,0
2023-09-05,-1.8460060158908933,0.04674240775185545,1
2023-09-06,-0.3196559322941832,0.8857375400404217,1
2023-09-07,0.8778483485923337,0.2529062459014575,0
2023-09-08,-0.06987273067399226,0.31360228995852535,0
2023-09-09,1.3603014373305449,0.7055405570708896,0
2023-09-10,-0.5751434961934615,0.5187596725123717,0
2023-09-11,-0.17068721190358202,0.5355796035976781,0
2023-09-12,-2.0661346416030995,0.008735470986268812,0
2023-09-13,-0.1971239342293249,0.24792726734400283,0
2023-09-14,1.371321017572405,0.7888417283744042,0
2023-09-15,0.5993316832222928,0.1940795287214513,0
2023-09-16,-0.8915969678149824,0.18347098453807476,0
2023-09-17,-1.1809063459156623,0.7092015281199273,1
2023-09-18,1.6464037048601194,0.8263855286754211,0
2023-09-19,-0.4270420758745219,0.5517733846665145,0
2023-09-20,1.6450315850905473,0.9143774993625945,0
2023-09-21,-0.8342637721020295,0.2522922002611898,0
2023-09-22,0.04247426371236025,0.3951325065549849,0
2023-09-23,0.04530444555575855,0.5207614762629523,0
2023-09-24,0.3750234756109642,0.012549544459789397,0
2023-09-25,0.38463254341796327,0.7996347735914991,0
2023-09-26,0.14362336186452615,0.9806054223580821,1
2023-09-27,0.934813614715047,0.8984441475160212,0
